{
    "id": "ultimaker2s_2nd",
    "version": 2,
    "name": "Extruder 2",
    "inherits": "fdmextruder",
    "metadata": {
        "machine": "ultimaker2s",
        "position": "1"
    },

    "overrides": {
        "extruder_nr": {
            "default_value": 1,
            "maximum_value": "1"
        },
        "machine_nozzle_offset_x": { "default_value": 18.4 },
        "machine_nozzle_offset_y": { "default_value": -0.5 },

        "machine_extruder_start_pos_abs": { "default_value": true },
        "machine_extruder_start_pos_x": { "value": "prime_tower_position_x" },
        "machine_extruder_start_pos_y": { "value": "prime_tower_position_y" },
        "machine_extruder_end_pos_abs": { "default_value": true },
        "machine_extruder_end_pos_x": { "value": "prime_tower_position_x" },
        "machine_extruder_end_pos_y": { "value": "prime_tower_position_y" },
        "machine_extruder_start_code": { "default_value": "G0 F9000 X5 Y16.5\nG0 F1000 X2\nG0 F9000 X5" }
    }
}
