{
    "id": "ultimaker2s",
    "version": 2,
    "name": "Ultimaker 2 Switch",
    "inherits": "ultimaker2_plus",
    "metadata": {
        "author": "Ultimaker",
        "manufacturer": "Ultimaker",
        "quality_definition": "ultimaker2_plus",		
        "category": "Ultimaker",
        "weight": 0,
        "file_formats": "text/x-gcode",
        "platform": "ultimaker2_platform.obj",
        "platform_texture": "Ultimaker2sbackplate.png",
        "preferred_variant": "*0.4*",
        "has_variants": true,
        "has_materials": true,
        "has_machine_materials": true,
        "has_machine_quality": true,
        "supported_actions":["UpgradeFirmware"],
		"machine_extruder_trains":
        {
            "0": "ultimaker2s_1st",
            "1": "ultimaker2s_2nd"
        }
    },

    "overrides": {
		"machine_name": { "default_value": "Ultimaker 2 Switch" },
		"machine_extruder_count": { "default_value": 2 },
		"prime_tower_position_x": { "default_value": 115 },
		"prime_tower_position_y": { "default_value": 15 },
		"machine_gcode_flavor": { "default_value": "RepRap (Marlin/Sprinter)" },
		"machine_start_gcode" : {
           	"default_value": "",
            	"value": "\"\"  if machine_gcode_flavor == \"UltiGCode\" else \"G21 ;metric values\\nG90 ;absolute positioning\\nM82 ;set extruder to absolute mode\\nM107 ;start with the fan off\\nG28 Z0 ;move Z to bottom endstops\\nG28 X0 Y0 ;move X/Y to endstops\\nG1 X80 Y5 F4000 ;move X/Y to front of printer\\nG1 Z15.0 F9000 ;move the platform to 15mm\\nG92 E0 ;zero the extruded length\\nG1 F200 E15 ;extrude 15 mm of feed stock\\nG92 E0 ;zero the extruded length again\\nG1 F9000\\n;Put printing message on LCD screen\\nM117 Printing...\\nG0 F9000 X219 Y17.5 ;start switch\\nG0 F1000 X223 ;do switch\\nG0 F9000 X219 ;end switch\""
        	}
	}	
}
